{"0": [11.042847633361816, 7.851295471191406], "1": [8.488340377807617, 9.90256404876709], "2": [10.15869426727295, 7.69699239730835]}