{"0": [11.234265327453613, 8.421883583068848], "1": [8.638357162475586, 9.344980239868164], "2": [8.205635070800781, 5.381624221801758], "3": [5.1990814208984375, 6.093362331390381], "4": [4.777767658233643, 4.225451946258545]}